n_segments,construction_s,rdds_query_ms,rdds_insert_ms,naive_query_ms,naive_insert_ms
264.0,0.0006035000551491976,0.06254999549128115,0.021122529869899154,0.08769039064645767,0.0003200327046215534
538.0,0.0022067910758778453,0.07378458511084318,0.03011912456713617,0.1790316542610526,0.0003058509901165962
1067.0,0.0018881249707192183,0.10249585495330393,0.039971285732463,0.3526087407954037,0.0003179558552801609
2151.0,0.0036494999658316374,0.1270612666849047,0.060967974131926894,0.7016895920969546,0.00031748670153319836
4338.0,0.00740370899438858,0.1593699585646391,0.08514245506376028,1.4134466974064708,0.00042578671127557755
8627.0,0.014798582997173071,0.1995683612767607,0.1276175316888839,2.7778046298772097,0.000556653831154108
17193.0,0.029986249981448054,0.27268793317489326,0.17747282166965306,5.57567203999497,0.0005645293276757002
